{"cameraMode":{"drawMode":0,"name":"Shaded","section":"Shading Mode"},"sceneLighting":true,"audioPlay":false,"sceneViewState":{"showFog":true,"showMaterialUpdate":false,"showSkybox":true,"showFlares":true,"showImageEffects":true,"showParticleSystems":true},"in2DMode":false,"pivot":{"x":21.797937393188478,"y":-0.6533904075622559,"z":1.1448125839233399},"rotation":{"x":0.10368768870830536,"y":0.841281533241272,"z":-0.17404231429100038,"w":0.5012022256851196},"size":8.13721752166748,"orthographic":false}